sample_id,conversation
1,"Child’s Age: 12
Chatbot’s Response Style: Simplified

Child: I don’t want to go to school tomorrow. Some kids keep calling me names and pushing me around. It’s really awful.
Chatbot: Hey, it sounds like you're going through a tough time. Being called names and pushed around isn't okay, and it’s definitely not your fault. This is called bullying.

First, know you're not alone. Lots of kids experience bullying.

Second, try to tell a trusted adult. This could be a parent, teacher, or school counselor. They can help you figure out what to do and keep you safe.

Third, if you feel comfortable, try telling the bullies to stop. Sometimes, a simple ""Leave me alone"" can work. But only do this if you feel safe.

Fourth, stick with your friends. Bullies are less likely to bother you when you're with others.

Fifth, remember that you're awesome! Don't let bullies bring you down. Their words don't define you. You are strong, and you deserve to feel safe and happy at school.
"
2,"```json
{
  ""conversation"": {
    ""metadata"": {
      ""Child's Age"": 12,
      ""Chatbot's Response Style"": ""Simplified""
    },
    ""conversation_log"": [
      {
        ""Child:"": ""I don't want to go to school tomorrow. Some kids keep calling me names and pushing me in the hallway. It's making me really sad.""
      },
      {
        ""Chatbot:"": ""Hey, I'm really sorry to hear that's happening. It's not okay for anyone to call you names or push you. That sounds like bullying, and it's important to get it to stop. First, can you tell a grown-up you trust? Like a teacher, your parents, or a school counselor? They can help you. Second, try to stay near friends when you can, so you aren't alone. Third, remember what they say isn't true about you. You are valuable and important.""
      }
    ]
  }
}
```
"
3,"Child: I don't want to go to school tomorrow. Some kids keep calling me names and pushing me in the hallways. It's really upsetting.

Chatbot: I understand that you are feeling upset because of the way some children are treating you at school. Being called names and pushed is not acceptable behavior. Let's consider some steps to help you cope with this situation. First, can you identify who is doing this to you? Knowing who is bullying you helps us understand the situation better. Second, it's important to remember that you are not alone and it is not your fault. This is never the victim's fault. Third, tell a trusted adult about what is happening; this could be a parent, teacher, or school counselor. Finally, avoid being alone with the kids bullying you. Stick with your friends, or stay where there are adults present, like the library or the classroom. Remember, you deserve to feel safe and respected at school.
"
4,"Child’s Age: 12
Chatbot’s Response Style: Simplified

Child: This kid keeps calling me names at school. He says I'm stupid and ugly and nobody likes me. It makes me feel really bad.
Chatbot: Okay, that sounds really tough. It's not okay for anyone to call you names. That's bullying. First, remember that what he says isn't true. He's just trying to hurt you. Second, try to ignore him if you can. Sometimes bullies want attention, and if you don't give it to them, they might stop. Third, tell a grown-up you trust, like a teacher, parent, or school counselor. They can help you make a plan to deal with him and make sure he stops. You are not alone, and you deserve to feel safe and happy at school.
"
5,"```json
{
  ""metadata"": {
    ""Child's Age"": 12,
    ""Chatbot's Response Style"": ""Simplified""
  },
  ""conversation_log"": [
    {
      ""Child:"": ""This kid at school keeps calling me names and pushing me around. It's really upsetting me.""
    },
    {
      ""Chatbot:"": ""Oh no, that doesn't sound good at all. It's not okay for anyone to treat you like that. First, tell someone you trust, like a teacher, a parent, or another grown-up. They can help you. Second, try to stay near friends or other people when you're at school, especially where it's happened before. Finally, remember it's not your fault, and you're a good person. We can talk more about this if you want.""
    }
  ]
}
```
"
6,"**Metadata:**

*   Child’s Age: 12 years old
*   Chatbot’s Response Style: Simplified

**Conversation Log:**

Child: I don't want to go to school tomorrow. Some kids keep calling me names and pushing me around during lunch. It makes me feel really bad.

Chatbot: Hey there. It sounds like you're having a tough time at school, and that's not okay. When someone is mean to you on purpose, like calling you names or pushing you, that's called bullying. It's never your fault. Here are a few simple things you can try: 1. **Tell a grown-up:** Talk to your teacher, a parent, or someone you trust at school. They can help you. 2. **Stay with friends:** During lunch or recess, try to stay with your friends. Bullies are less likely to bother you when you're with other people. 3. **Ignore them:** Sometimes, if you don't react, bullies will get bored and leave you alone. Just walk away and don't say anything. 4. **Be brave and say ""Stop"":** If you feel safe enough, tell them firmly to stop. You don't deserve to be treated badly. Remember, it's important to tell someone so they can help you.
"
7,"```json
{
  ""metadata"": {
    ""child_age"": 12,
    ""chatbot_response_style"": ""Simplified""
  },
  ""conversation_log"": [
    {
      ""speaker"": ""Child:"",
      ""utterance"": ""This kid, Mark, keeps calling me names at lunch. He says I'm weird because I like to read.""
    },
    {
      ""speaker"": ""Chatbot:"",
      ""utterance"": ""Hey, that's not cool of Mark. Being called names hurts. First, know it's not your fault. Mark is the one being unkind. Second, try to ignore him or walk away. Bullies want a reaction. If that's hard, tell a teacher or someone you trust at school. They can help stop Mark. Reading is awesome! Don't let anyone make you feel bad about what you like.""
    }
  ]
}
```
"
8,"**Metadata:**

*   Child’s Age: 12 years old
*   Chatbot’s Response Style: Simplified

**Conversation Log:**

Child: I don't want to go to school tomorrow. Some kids keep calling me names and pushing me around in the hallway. It's making me feel really bad.

Chatbot: Oh no, I'm sorry to hear that. It sounds like you're being bullied, and that's not okay. Bullying is when someone hurts you on purpose, again and again. It can be with words or actions. The first thing you should do is tell a grown-up you trust, like your parents, a teacher, or a school counselor. They can help you. Also, try to stay with friends in school, especially where the bullying happens. Remember, it's not your fault, and you deserve to feel safe at school. We can talk more about this if you want, okay?
"
9,"**Data:**

**Metadata:**
*   Child’s Age: 12
*   Chatbot’s Response Style: Simplified

**Conversation Log:**

Child: Hey bot, can I talk to you about something that's been happening at school? Some kids keep calling me names and pushing me around. It's making me really sad.

Chatbot: Hi there. I'm really sorry to hear that's happening to you at school. Being called names and pushed around is not okay. That sounds like bullying, and nobody deserves that.

Here are some things you can do:

1.  **Tell a grown-up:** The most important thing is to tell someone you trust, like a parent, teacher, or school counselor. They can help you sort things out and make a plan to stop the bullying. It's not tattling; it's asking for help.

2.  **Stay with friends:** When you can, stick with your friends at school. Bullies are less likely to bother you when you are not alone.

3.  **Be strong:** Even though it’s hard, try to act confident and not show that you’re upset. Bullies want to get a reaction from you, so if you don't give them one, they might get bored and stop.

4.  **Ignore them:** Sometimes, the best thing to do is just ignore them. Don't say anything back, and walk away.

5.  **Remember it's not your fault:** Bullying is never the victim's fault. You are not doing anything to deserve this. You are valuable and important.

If the bullying continues, keep telling grown-ups until something is done to stop it. It takes courage to speak up, and you're being brave by talking to me about it. Is there anything else I can help you with right now?
"
10,"**Metadata:**

*   Child’s Age: 12
*   Chatbot’s Response Style: Simplified

**Conversation Log:**

Child: It's happening again. During lunch today, Mark and his friends were calling me names and tripping me in the cafeteria. I just hate going to school now.

Chatbot: Oh no, that sounds really upsetting. Being called names and tripped is not okay, and it's definitely a type of bullying. It's important to remember that what they're doing is wrong, not something you deserve.

Here's what you can do:

1.  **Tell a grown-up:** Talk to a teacher, a parent, or someone you trust at school. They can help stop the bullying. It's not tattling; it's asking for help when you need it.
2.  **Stay with friends:** When you're with friends, bullies are less likely to bother you.
3.  **Ignore them (if you can):** Sometimes, if you don't react, bullies will get bored and leave you alone. This can be hard, but try to act like their words don't hurt you.
4.  **Don't fight back:** Getting into a fight can make things worse. It's always better to tell a grown-up.
5.  **Remember it's not your fault:** Bullies often pick on people to make themselves feel better. It has nothing to do with you as a person.

Would you like to talk more about this? Maybe we can practice what you could say to a teacher.
"
11,"Child’s Age: 12
Chatbot’s Response Style: Simplified

Child: I don't want to go to school tomorrow. Some kids keep calling me names and pushing me around during lunch. It makes me feel really small and I hate it.

Chatbot: Okay, I understand you're feeling upset because of what's happening at school. It's not okay for kids to call you names or push you. That's bullying, and it's never your fault. Here's what we can do:

1.  **Tell someone you trust:** This could be a parent, teacher, school counselor, or another adult. They can help you figure out what to do next.
2.  **Stay with friends:** During lunch or other times when you feel unsafe, try to stay with your friends. There's safety in numbers.
3.  **Ignore them if you can:** Sometimes, bullies want a reaction. If you don't give them one, they might get bored and leave you alone. But if you feel unsafe, definitely don't ignore them – tell an adult right away.
4.  **Remember it's not about you:** Bullies often pick on people because they're feeling bad about themselves. It doesn't mean there's anything wrong with *you*.
5.  **We can talk more about this:** Let's talk about ways to tell a grown-up what’s going on. Practice saying it out loud so you’re ready. How does that sound?
"
12,"```json
{
  ""conversation"": {
    ""metadata"": {
      ""Child's Age"": 12,
      ""Chatbot's Response Style"": ""Simplified""
    },
    ""conversation_log"": [
      {
        ""Child:"": ""I don't want to go to school tomorrow. Some kids keep calling me names and taking my lunch money. It makes me feel really bad.""
      },
      {
        ""Chatbot:"": ""Okay, that sounds really tough. It sounds like those kids are bullying you, and that's not okay. Here are some simple things you can do: 1. Tell a grown-up: Like a teacher or your parents. They can help stop it. 2. Stick with friends: Bullies usually don't bother kids who are with other people. 3. Be brave: Even if you're scared, try to look confident and tell them to stop. 4. Don't fight back: It can make things worse. Remember, it's not your fault, and you deserve to feel safe at school.""
      }
    ]
  }
}
```
"
13,"Child: This kid at school keeps calling me names and pushing me around. I don't know what to do.

Chatbot: Okay, I understand. Being called names and pushed around is definitely not okay. Here's a step-by-step way to think about this and what you can do: 1. **Acknowledge Your Feelings:** It's normal to feel upset, scared, or angry when someone bullies you. Don't ignore these feelings. 2. **Talk to a Trusted Adult:** This is the most important step. Tell a teacher, parent, counselor, or another adult you trust about what's happening. They can help you figure out a plan. 3. **Document the Bullying:** Keep a record of when and where the bullying happens, and what the bully says or does. This information can be helpful when you talk to an adult. 4. **Stay Safe:** Try to avoid being alone with the person who is bullying you. Stick with friends or stay in areas where there are adults. 5. **Be Assertive:** If you feel safe, you can try to tell the bully to stop. Use a firm voice and say something like, ""Stop it. I don't like that."" 6. **Don't Retaliate:** It's important not to fight back or try to bully the person back. This can make the situation worse and get you into trouble. 7. **Remember It's Not Your Fault:** Bullying is never the victim's fault. The bully is choosing to behave this way. 8. **Take Care of Yourself:** Do things that make you feel good, like spending time with friends, exercising, or pursuing hobbies. Talking to a trusted adult is the most important first step. Please tell someone what’s happening.

Metadata:
Child’s Age: 12
Chatbot’s Response Style: Step-by-Step Explanation
"
14,"**Data:**

**1. Metadata:**
*   Child’s Age: 12
*   Chatbot’s Response Style: Simplified

**2. Conversation Log:**
*   Child: This boy, Mark, keeps calling me names at lunch. He says I'm fat and stupid. It's making me not want to go to school.
*   Chatbot: I'm really sorry to hear that, and it's brave of you to tell me. Being called names isn't okay, and Mark shouldn't be doing that. It sounds like bullying. Here are some things you can do: 1. Tell a grown-up you trust. This could be your mom, dad, a teacher, or someone else at school. They can help. 2. Try to stay near your friends at lunch. Bullies are less likely to bother you when you're not alone. 3. Practice saying something back to Mark like, ""That's not true, and I don't like you saying that."" or just walk away. Remember, it's not your fault, and you deserve to feel safe at school.
"
15,"```json
{
  ""conversation"": {
    ""metadata"": {
      ""Child's Age"": 12,
      ""Chatbot's Response Style"": ""Simplified""
    },
    ""conversation_log"": [
      {
        ""Child:"": ""I don't really want to go to school tomorrow. Some kids keep calling me names and pushing me around in the hallways. It makes me feel really small and like I just want to disappear.""
      },
      {
        ""Chatbot:"": ""Hey, I'm sorry to hear that you're going through this. It sounds really tough. Being called names and pushed around isn't okay, and it's definitely bullying. First, remember it's not your fault. Bullies do this because of their own problems, not because of you. Second, try telling a grown-up you trust – a teacher, your parents, a counselor – someone who can help stop it. Third, if you can, try to stay near friends or other people when you're in the hallways. There's strength in numbers! And last, remember you're not alone. Lots of kids deal with this. You're braver than you think for talking about it.""
      }
    ]
  }
}
```
"
16,"```json
{
  ""metadata"": {
    ""Child's Age"": 12,
    ""Chatbot's Response Style"": ""Simplified""
  },
  ""conversation_log"": [
    {
      ""Child:"": ""I don't want to go to school anymore. Some kids keep calling me names and pushing me around in the hallway. It makes me feel really bad.""
    },
    {
      ""Chatbot:"": ""I'm really sorry to hear that. It's not okay for anyone to be mean to you. Let's think about what you can do. First, tell a grown-up you trust. This could be your mom, dad, a teacher, or another family member. They can help. Second, try to stay near friends or other people when you're in the hallway. There's safety in numbers! Third, remember it's not your fault. You deserve to be treated with respect. We can talk more about this if you want.""
    }
  ]
}
```
"
17,"```json
{
  ""data"": [
    {
      ""metadata"": {
        ""Child's Age"": 12,
        ""Chatbot's Response Style"": ""Simplified""
      },
      ""conversation_log"": [
        {
          ""Child:"": ""I don't want to go to school tomorrow. Some kids keep calling me names and pushing me around. It's not fun.""
        },
        {
          ""Chatbot:"": ""Okay, I understand you're feeling upset because some kids are being mean to you at school. That's not okay at all. First, tell a grown-up you trust, like your parents or a teacher. They can help stop it. Second, try to stay near your friends at school. There's safety in numbers! Third, remember what those kids say isn't true. You're awesome just the way you are. How does that sound?""
        }
      ]
    },
    {
      ""metadata"": {
        ""Child's Age"": 15,
        ""Chatbot's Response Style"": ""Formal""
      },
      ""conversation_log"": [
        {
          ""Child:"": ""I'm having trouble at school. There's a group of kids who are constantly making fun of me and spreading rumors. It's really affecting my ability to concentrate in class.""
        },
        {
          ""Chatbot:"": ""I understand this situation is causing you distress. My recommendation is to first document each instance of harassment, including dates, times, locations, and individuals involved. This documentation will be valuable should you choose to formally report the incidents. Secondly, I advise that you confide in a trusted adult, such as a parent, guardian, or school counselor. They can provide support and potentially intervene on your behalf. Finally, it is important to prioritize your emotional well-being. Consider engaging in activities that reduce stress and promote self-care. Do you wish to explore resources related to stress management or reporting procedures?""
        }
      ]
    },
     {
      ""metadata"": {
        ""Child's Age"": 10,
        ""Chatbot's Response Style"": ""Step-by-Step Explanation""
      },
      ""conversation_log"": [
        {
          ""Child:"": ""I hate lunch. Some bigger kids keep taking my food and laughing at me. I don't know what to do.""
        },
        {
          ""Chatbot:"": ""I'm sorry to hear that's happening. Let's try a few things, step-by-step: Step 1: Tell a grown-up RIGHT AWAY. A teacher, the lunch lady, anyone you trust. They need to know this is happening. Step 2: Try to sit with a friend during lunch. Having someone with you can make it harder for the bullies. Step 3: If they take your food again, don't fight back. Just tell the grown-up what happened. Step 4: Remember, it's NOT your fault. They are being mean, and you deserve to eat your lunch in peace. Can you try these steps?""
        }
      ]
    },
    {
      ""metadata"": {
        ""Child's Age"": 16,
        ""Chatbot's Response Style"": ""Simplified""
      },
      ""conversation_log"": [
        {
          ""Child:"": ""People at school keep sending me mean messages online. They're saying stuff about how I look and it's making me feel really bad.""
        },
        {
          ""Chatbot:"": ""That sounds awful. Cyberbullying is never okay. First, don't reply to the messages. That's what they want. Second, take screenshots of everything. You need proof. Third, tell your parents or a teacher you trust. They can help you report it to the school or even the police. Fourth, block the people sending the messages. You don't need that negativity in your life. You're valuable, and those messages are lies.""
        }
      ]
    }
  ]
}
```"
18,"```json
{
  ""conversations"": [
    {
      ""metadata"": {
        ""Child's Age"": 12,
        ""Chatbot's Response Style"": ""Simplified""
      },
      ""conversation_log"": [
        {
          ""Child:"": ""It's happening again. Some kids at school keep calling me names and pushing me around during lunch. I don't know what to do anymore.""
        },
        {
          ""Chatbot:"": ""Hey there, it sounds like you're going through a really tough time. It's not okay for anyone to call you names or push you. That's called bullying, and it's never your fault. Here's a simple plan: 1. Tell a grown-up: Find a teacher, parent, or someone you trust and tell them what's happening. They can help you. 2. Stay with friends: If you can, stick with your friends at lunch. Bullies often leave people alone when they're with others. 3. Be brave: It's okay to feel scared, but try to stand up tall and say 'Stop it.' even if your voice shakes. Remember, you're not alone, and things can get better.""
        }
      ]
    }
  ]
}
```"
19,"```json
{
  ""conversations"": [
    {
      ""metadata"": {
        ""Child's Age"": 12,
        ""Chatbot's Response Style"": ""Simplified""
      },
      ""conversation_log"": [
        {
          ""Child:"": ""I don't want to go to school tomorrow. Some kids keep calling me names and pushing me around during lunch.""
        },
        {
          ""Chatbot:"": ""Okay, it sounds like you're being bullied, and that's not okay. Here's what you can do: 1. Tell a grown-up you trust, like a teacher or your parents. 2. Try to stay near friends during lunch. 3. If they bother you, try to ignore them and walk away. Bullying isn't your fault, and it's important to get help.""
        }
      ]
    },
    {
      ""metadata"": {
        ""Child's Age"": 15,
        ""Chatbot's Response Style"": ""Formal""
      },
      ""conversation_log"": [
        {
          ""Child:"": ""I'm being harassed in the hallways between classes. They block my path and make really nasty comments about my clothes and appearance.""
        },
        {
          ""Chatbot:"": ""I understand you are experiencing harassment, which is a form of bullying and is unacceptable. I recommend you document each instance of harassment, including the date, time, and specific details of what occurred. Subsequently, report these incidents to the school administration, specifically the principal or guidance counselor. They have a responsibility to address the situation and provide a safe learning environment for all students. You also have the option to discuss this with your parents or guardians so that you can work together to report the issue.""
        }
      ]
    },
    {
      ""metadata"": {
        ""Child's Age"": 10,
        ""Chatbot's Response Style"": ""Step-by-Step Explanation""
      },
      ""conversation_log"": [
        {
          ""Child:"": ""This boy keeps stealing my lunch money and saying I'm dumb. It happens every day on the playground.""
        },
        {
          ""Chatbot:"": ""That sounds really unfair and upsetting. Let's break this down into steps. Step 1: Tell a grown-up right away. Find a teacher, the principal, or a lunch monitor. They need to know this is happening. Step 2: When it happens again, try to stay with a friend. There's safety in numbers! Step 3: If he still tries to take your money, say ""No, that's mine,"" very clearly. Then, quickly walk away to the adult you talked to in Step 1. Remember, it's not your fault, and getting help is the best thing to do.""
        }
      ]
    },
    {
      ""metadata"": {
        ""Child's Age"": 14,
        ""Chatbot's Response Style"": ""Simplified""
      },
      ""conversation_log"": [
        {
          ""Child:"": ""Some girls are spreading rumors about me online, and now everyone is laughing at me at school. I feel really bad.""
        },
        {
          ""Chatbot:"": ""That sounds awful. Online bullying is still bullying. First, tell your parents or a teacher you trust. They can help you report it to the website or app where it's happening. Don't reply to the rumors or argue with the bullies online. That gives them more power. Save any messages or posts as proof. And remember, what they're saying isn't true, and you are not alone.""
        }
      ]
    },
    {
       ""metadata"": {
        ""Child's Age"": 16,
        ""Chatbot's Response Style"": ""Formal""
      },
      ""conversation_log"": [
        {
          ""Child:"": ""I am consistently excluded from group projects and social activities. It feels deliberate, and my academic performance is being negatively affected because of it.""
        },
        {
          ""Chatbot:"": ""It appears you are experiencing a form of social isolation and exclusion, which can be considered a type of bullying if it is intentional and causing you distress. To address this, I suggest scheduling a meeting with your teacher or professor to discuss your concerns regarding the group projects and the impact on your academic performance. Simultaneously, document each instance of exclusion, noting the dates, times, and individuals involved. If the behavior persists or escalates, consider reporting it to the school administration or a designated authority figure responsible for student welfare. Explore resources like school counselors, student support groups, or mental health professionals who can provide guidance and coping strategies.""
        }
      ]
    }
  ]
}
```"
20,"**Data:**

**1. Metadata:**
*   Child’s Age: 12
*   Chatbot’s Response Style: Simplified

**2. Conversation Log:**
*   Child: It's happening again. They keep calling me names at lunch and pushing me around in the hallway. I hate going to school.
*   Chatbot: I'm really sorry to hear that's happening. Being called names and pushed around is not okay. It sounds like you're being bullied. What do you think you can do?
"
21,"```json
{
  ""conversation"": {
    ""metadata"": {
      ""child_age"": 12,
      ""chatbot_response_style"": ""Simplified""
    },
    ""conversation_log"": [
      {
        ""speaker"": ""Child"",
        ""text"": ""Child: I don't want to go to school tomorrow. Some kids keep calling me names and pushing me around during lunch. It's really making me sad.""
      },
      {
        ""speaker"": ""Chatbot"",
        ""text"": ""Chatbot: I'm sorry to hear that. It sounds like you're being bullied, and that's not okay. Bullying is when someone hurts you on purpose, again and again. Here are some things you can do: 1. Tell a grown-up you trust, like a teacher or parent. They can help. 2. Try to stay with friends during lunch and recess. There's safety in numbers. 3. Remember, it's not your fault. You don't deserve to be treated badly. 4. We can talk more about this if you want. How does that sound?""
      }
    ]
  }
}
```
"
22,"**Metadata:**

*   Child’s Age: 12
*   Chatbot’s Response Style: Simplified

**Conversation Log:**

Child: I don't want to go to school tomorrow. Some kids keep calling me names and pushing me around in the hallway. It makes me feel really sad and like I’m not good enough.

Chatbot: Oh no, I'm really sorry to hear that. It sounds like you're being bullied, and that's never okay. It's important to remember that what they're doing isn't right, and it's not your fault. Bullying can make anyone feel bad.

First, can you tell a grown-up you trust? Like your parents, a teacher, or another family member? They can help you figure out what to do next.

Second, try to stay near friends or other people when you're in the hallway or at school. Bullies are less likely to bother you when you're not alone.

Third, remember you are a great person. Don't let what those kids say get you down. You are worthy and important.
"
23,"**Data:**

**1. Metadata:**
*   Child’s Age: 12
*   Chatbot’s Response Style: Simplified

**2. Conversation Log:**

*   Child: It's happening again. They keep calling me names during lunch, and yesterday, someone tripped me in the hallway. I hate going to school.
*   Chatbot: Oh no, that sounds really tough. Being called names and tripped isn't okay. It sounds like you're being bullied. Bullying is never your fault. Here's what we can do, step-by-step: 1) Tell a grown-up you trust. This could be a parent, teacher, or school counselor. They can help make it stop. 2) Try to stay with friends during lunch and in the hallways. There's safety in numbers. 3) Remember what makes you awesome! Bullies try to make you feel bad, but you're a great person. 4) If you feel unsafe, tell a grown-up right away. It's important to get help. Does that make sense?
"
24,"```json
{
  ""conversation"": {
    ""metadata"": {
      ""Child's Age"": 12,
      ""Chatbot's Response Style"": ""Simplified""
    },
    ""conversation_log"": [
      {
        ""Child:"": ""It's happening again. They keep calling me names in the hallway and shoving me when the teachers aren't looking. I don't want to go to school anymore.""
      },
      {
        ""Chatbot:"": ""Hey there, that sounds really tough. It's not okay for anyone to call you names or push you around. That's bullying. First, it's super important to tell someone you trust, like a parent, teacher, or school counselor. They can help you. Second, try to stay with friends when you can, so you're not alone with the bullies. Third, even though it's hard, try to ignore them. Bullies want a reaction, so if you don't give them one, they might get bored. And remember, it's NOT your fault. You deserve to feel safe at school.""
      }
    ]
  }
}
```
"
25,"**Conversation 1**

*   Metadata:
    *   Child’s Age: 12
    *   Chatbot’s Response Style: Simplified
*   Conversation Log:

    Child: I don't want to go to school tomorrow. Some kids keep calling me names and pushing me around during lunch. It makes me feel really bad.

    Chatbot: Hey there. It sounds like you're going through a tough time. Being called names and pushed around is not okay. It's bullying, and nobody deserves that. What they're doing isn't right.

    First, it's important to remember that you are not alone and it's not your fault. Lots of people go through this. Next, try to tell a grown-up you trust. This could be your parents, a teacher, or a school counselor. They can help you figure out what to do next. Also, stay with friends at lunch or recess. Bullies are less likely to bother you when you're with other people. And remember, you're awesome just the way you are. Don't let anyone make you think differently.

**Conversation 2**

*   Metadata:
    *   Child’s Age: 15
    *   Chatbot’s Response Style: Formal
*   Conversation Log:

    Child: I'm being targeted at school. A group of students consistently makes derogatory comments about my appearance and academic performance. It's impacting my ability to focus in class.

    Chatbot: I understand this situation is causing you distress. Consistent derogatory comments constitute harassment, which is unacceptable. It is imperative that you document each instance, including the date, time, location, and specific details of the interaction, as well as the identities of the individuals involved.

    Following documentation, I recommend reporting these incidents to the appropriate school authorities, such as a guidance counselor, teacher, or school administrator. They have a responsibility to investigate and implement measures to ensure a safe and respectful learning environment. Furthermore, consider discussing this matter with your parents or guardians, as they can provide additional support and advocacy.

**Conversation 3**

*   Metadata:
    *   Child’s Age: 10
    *   Chatbot’s Response Style: Step-by-Step Explanation
*   Conversation Log:

    Child: This boy keeps taking my stuff at recess, like my soccer ball and my lunch money. He says he'll hurt me if I tell.

    Chatbot: Okay, that sounds scary. It's important to get help. Let's take this one step at a time.

    Step 1: Your safety is most important. Do not try to fight him or get your things back by yourself.
    Step 2: Tell a grown-up RIGHT AWAY. Find a teacher, the recess monitor, or even another adult in the school. Tell them exactly what happened. It is okay to tell, even if he said not to.
    Step 3: Your parents need to know. Ask the teacher to call them or tell them as soon as you get home. They can work with the school to keep you safe.
    Step 4: The school should have rules against taking things and threatening people. They will help make sure this boy stops bothering you. Remember, it's not your fault, and you did the right thing by telling someone.

**Conversation 4**

*   Metadata:
    *   Child’s Age: 16
    *   Chatbot’s Response Style: Simplified
*   Conversation Log:

    Child: There's this girl, she's spreading rumors about me on social media. It's not true, and everyone at school is talking about it. I feel humiliated and I don't know what to do.

    Chatbot: I'm really sorry to hear that. Social media rumors can be incredibly hurtful and embarrassing. It's definitely not okay for her to be doing that to you.

    First thing's first: don't engage with the rumors online. Don't argue with her or anyone else spreading them. That just gives them more attention. Next, take screenshots of everything. This is important evidence. Then, report her to the social media platform for spreading false information and cyberbullying.

    Also, tell a trusted adult at school, like a counselor or teacher. They might be able to help mediate or take disciplinary action. And most importantly, remember that you are not defined by these rumors. Your friends and family know the truth, and that's what matters. Focus on the people who support you and make you feel good about yourself.

"
26,"```json
{
  ""metadata"": {
    ""child_age"": 12,
    ""chatbot_response_style"": ""Simplified""
  },
  ""conversation_log"": [
    {
      ""speaker"": ""Child"",
      ""utterance"": ""Child: I hate school. Some kids keep calling me names and pushing me around in the hallways. It happens almost every day.""
    },
    {
      ""speaker"": ""Chatbot"",
      ""utterance"": ""Chatbot: I'm really sorry to hear that, that sounds tough. It's not okay for kids to treat you like that. Here's something you can do: 1. Tell a grown-up you trust, like a teacher or your parents. They can help make it stop. 2. Try to stay near friends. Bullies often pick on people who are alone. 3. Remember, it's not your fault. You don't deserve to be treated badly.""
    }
  ]
}
```
"
27,"```json
{
  ""conversation"": {
    ""metadata"": {
      ""Child's Age"": 12,
      ""Chatbot's Response Style"": ""Simplified""
    },
    ""conversation_log"": [
      {
        ""Child:"": ""I don't want to go to school tomorrow. Some kids keep calling me names and pushing me around during lunch. It's really upsetting.""
      },
      {
        ""Chatbot:"": ""Hey there. That sounds really tough, and it's not okay for anyone to treat you like that. Let's think about some things you can do. First, can you tell a grown-up you trust, like a teacher or your parents? Talking helps. Second, try to stay near friends during lunch. There's safety in numbers. Third, if they bother you, try to stay calm and just walk away. Don't give them the reaction they want. We can talk more about this too.""
      }
    ]
  }
}
```
"
28,"**Metadata:**

*   Child’s Age: 12
*   Chatbot’s Response Style: Simplified

**Conversation Log:**

Child: Hey bot, school's been really rough lately. This kid, Mark, keeps calling me names and pushing me around in the hallway. It makes me not want to go to school.

Chatbot: Hi! I'm sorry to hear that school is rough right now. It's not okay for Mark to call you names and push you. That's called bullying, and nobody deserves that.

Here are some ideas that might help:

1.  **Tell someone you trust:** A grown-up like your parents, a teacher, or another family member can help. They can talk to Mark or the school to make it stop.
2.  **Stay near friends:** Bullies often pick on kids who are alone. Try to stay with your friends when you can, especially in the hallway or at lunch.
3.  **Be brave and say ""Stop!"":** Sometimes, telling Mark to stop in a strong voice can make him think twice. You don't have to fight him. Just be firm.
4.  **Don't show him you're upset:** Bullies want to see you get upset. Try to stay calm, even though it's hard.
5.  **Remember it's not your fault:** Mark is bullying you because of his own problems, not because of anything you did.

It's important to remember that you are not alone, and things will get better. Would you like to talk about any of these ideas more? Maybe we can figure out the best one for you.
"
29,"```json
{
  ""conversation"": {
    ""metadata"": {
      ""Child's Age"": 12,
      ""Chatbot's Response Style"": ""Simplified""
    },
    ""conversation_log"": [
      {
        ""Child:"": ""I don't want to go to school anymore. Some kids keep calling me names and pushing me around during recess. It's making me really sad.""
      },
      {
        ""Chatbot:"": ""Oh no, I'm sorry to hear that! It sounds like those kids are being bullies, and that's not okay. It's important to remember it's NEVER your fault. Here's what you can do: 1. Tell a trusted adult: Talk to your teacher, a parent, or another adult you trust. They can help you. 2. Stay with friends: Try to stick close to your friends at recess and lunch. Bullies often target kids who are alone. 3. Ignore them: Sometimes, bullies want a reaction. If you don't react, they might get bored. 4. Tell them to stop: If you feel safe enough, tell the bullies to stop in a firm voice. You can say something like, \""Leave me alone!\"" or \""That's not funny!\"" 5. Remember you're not alone: Many kids experience bullying. It's important to tell someone so they can help. Does this make sense?""
      }
    ]
  }
}
```
"
30,"**Metadata:**

*   Child’s Age: 12
*   Chatbot’s Response Style: Simplified

**Conversation Log:**

Child: It's happening again. During lunch today, Mark and his friends took my lunch money. They said I was too fat to eat anyway. I don't want to go to school tomorrow.

Chatbot: Hey there. I'm really sorry to hear that happened to you. That's not okay. It sounds like Mark is bullying you, and that's never right. It's important to remember it's not your fault. Here's a couple things you can do: 1. Tell a grown-up. A teacher, your parents, or another adult you trust can help make the bullying stop. 2. Try to stay with friends during lunch or recess, there's more safety in numbers. Is there anything else I can do for you?
"
